metric,formula,counters,description
atomic_transactions,l1tex__t_set_accesses_pipe_lsu_mem_global_op_atom.sum + l1tex__t_set_accesses_pipe_lsu_mem_global_op_red.sum,"""l1tex__t_set_accesses_pipe_lsu_mem_global_op_atom.sum,l1tex__t_set_accesses_pipe_lsu_mem_global_op_red.sum""","""Global memory atomic and reduction transactions"""
atomic_transactions_per_request,(l1tex__t_sectors_pipe_lsu_mem_global_op_atom.sum + l1tex__t_sectors_pipe_lsu_mem_global_op_red.sum) / (l1tex__t_requests_pipe_lsu_mem_global_op_atom.sum + l1tex__t_requests_pipe_lsu_mem_global_op_red.sum),"""l1tex__t_sectors_pipe_lsu_mem_global_op_atom.sum,l1tex__t_sectors_pipe_lsu_mem_global_op_red.sum,l1tex__t_requests_pipe_lsu_mem_global_op_atom.sum,l1tex__t_requests_pipe_lsu_mem_global_op_red.sum""","""Average number of global memory atomic and reduction transactions performed for each atomic and reduction instruction"""
branch_efficiency,smsp__sass_average_branch_targets_threads_uniform.pct,"""smsp__sass_average_branch_targets_threads_uniform.pct""","""Ratio of branch instruction to sum of branch and divergent branch instruction"""
cf_executed,smsp__inst_executed_pipe_cbu.sum + smsp__inst_executed_pipe_adu.sum,"""smsp__inst_executed_pipe_cbu.sum,smsp__inst_executed_pipe_adu.sum""","""Number of executed control-flow instructions"""
double_precision_fu_utilization,smsp__inst_executed_pipe_fp64.avg.pct_of_peak_sustained_active,"""smsp__inst_executed_pipe_fp64.avg.pct_of_peak_sustained_active""","""The utilization level of the multiprocessor function units that execute double-precision floating-point instructions on a scale of 0 to 10"""
dram_read_transactions,dram__sectors_read.sum,"""dram__sectors_read.sum""","""Device memory read transactions"""
dram_utilization,dram__throughput.avg.pct_of_peak_sustained_elapsed,"""dram__throughput.avg.pct_of_peak_sustained_elapsed""","""The utilization level of the device memory relative to the peak utilization on a scale of 0 to 10"""
dram_write_transactions,dram__sectors_write.sum,"""dram__sectors_write.sum""","""Device memory write transactions"""
eligible_warps_per_cycle,smsp__warps_eligible.sum.per_cycle_active,"""smsp__warps_eligible.sum.per_cycle_active""","""Average number of warps that are eligible to issue per active cycle"""
flop_count_dp_add,smsp__sass_thread_inst_executed_op_dadd_pred_on.sum,"""smsp__sass_thread_inst_executed_op_dadd_pred_on.sum""","""Number of double-precision floating-point add operations executed by non-predicated threads."""
flop_count_dp_fma,smsp__sass_thread_inst_executed_op_dfma_pred_on.sum,"""smsp__sass_thread_inst_executed_op_dfma_pred_on.sum""","""Number of double-precision floating-point multiply-accumulate operations executed by non-predicated threads. Each multiply-accumulate operation contributes 1 to the count."""
flop_count_dp_mul,smsp__sass_thread_inst_executed_op_dmul_pred_on.sum,"""smsp__sass_thread_inst_executed_op_dmul_pred_on.sum""","""Number of double-precision floating-point multiply operations executed by non-predicated threads."""
flop_count_hp_add,smsp__sass_thread_inst_executed_op_hadd_pred_on.sum,"""smsp__sass_thread_inst_executed_op_hadd_pred_on.sum""","""Number of half-precision floating-point add operations executed by non-predicated threads."""
flop_count_hp_fma,smsp__sass_thread_inst_executed_op_hfma_pred_on.sum,"""smsp__sass_thread_inst_executed_op_hfma_pred_on.sum""","""Number of half-precision floating-point multiply-accumulate operations executed by non-predicated threads. Each multiply-accumulate contributes 2 or 4 to the count based on the number of inputs."""
flop_count_hp_mul,smsp__sass_thread_inst_executed_op_hmul_pred_on.sum,"""smsp__sass_thread_inst_executed_op_hmul_pred_on.sum""","""Number of half-precision floating-point multiply operations executed by non-predicated threads."""
flop_count_sp_add,smsp__sass_thread_inst_executed_op_fadd_pred_on.sum,"""smsp__sass_thread_inst_executed_op_fadd_pred_on.sum""","""Number of single-precision floating-point add operations executed by non-predicated threads."""
flop_count_sp_fma,smsp__sass_thread_inst_executed_op_ffma_pred_on.sum,"""smsp__sass_thread_inst_executed_op_ffma_pred_on.sum""","""Number of single-precision floating-point multiply-accumulate operations executed by non-predicated threads. Each multiply-accumulate operation contributes 1 to the count."""
flop_count_sp_mul,smsp__sass_thread_inst_executed_op_fmul_pred_on.sum,"""smsp__sass_thread_inst_executed_op_fmul_pred_on.sum""","""Number of single-precision floating-point multiply operations executed by non-predicated threads."""
flop_dp_efficiency,smsp__sass_thread_inst_executed_ops_dadd_dmul_dfma_pred_on.avg.pct_of_peak_sustained_elapsed,"""smsp__sass_thread_inst_executed_ops_dadd_dmul_dfma_pred_on.avg.pct_of_peak_sustained_elapsed""","""Ratio of achieved to peak double-precision floating-point operations"""
flop_hp_efficiency,smsp__sass_thread_inst_executed_ops_hadd_hmul_hfma_pred_on.avg.pct_of_peak_sustained_elapsed,"""smsp__sass_thread_inst_executed_ops_hadd_hmul_hfma_pred_on.avg.pct_of_peak_sustained_elapsed""","""Ratio of achieved to peak half-precision floating-point operations"""
flop_sp_efficiency,smsp__sass_thread_inst_executed_ops_fadd_fmul_ffma_pred_on.avg.pct_of_peak_sustained_elapsed,"""smsp__sass_thread_inst_executed_ops_fadd_fmul_ffma_pred_on.avg.pct_of_peak_sustained_elapsed""","""Ratio of achieved to peak single-precision floating-point operations"""
gld_efficiency,smsp__sass_average_data_bytes_per_sector_mem_global_op_ld.pct,"""smsp__sass_average_data_bytes_per_sector_mem_global_op_ld.pct""","""Ratio of requested global memory load throughput to required global memory load throughput expressed as percentage."""
gld_throughput,l1tex__t_bytes_pipe_lsu_mem_global_op_ld.sum.per_second,"""l1tex__t_bytes_pipe_lsu_mem_global_op_ld.sum.per_second""","""Global memory load throughput"""
gld_transactions,l1tex__t_sectors_pipe_lsu_mem_global_op_ld.sum,"""l1tex__t_sectors_pipe_lsu_mem_global_op_ld.sum""","""Number of global memory load transactions"""
gld_transactions_per_request,l1tex__average_t_sectors_per_request_pipe_lsu_mem_global_op_ld.ratio,"""l1tex__average_t_sectors_per_request_pipe_lsu_mem_global_op_ld.ratio""","""Average number of global memory load transactions performed for each global memory load."""
global_atomic_requests,l1tex__t_requests_pipe_lsu_mem_global_op_atom.sum,"""l1tex__t_requests_pipe_lsu_mem_global_op_atom.sum""","""Total number of global atomic(Atom and Atom CAS) requests from Multiprocessor"""
global_hit_rate,l1tex__t_sectors_pipe_lsu_mem_global_op_{op}_lookup_hit.sum / l1tex__t_sectors_pipe_lsu_mem_global_op_{op}.sum,"""l1tex__t_sectors_pipe_lsu_mem_global_op_{op}_lookup_hit.sum,l1tex__t_sectors_pipe_lsu_mem_global_op_{op}.sum""","""Hit rate for global load and store in unified l1/tex cache"""
global_load_requests,l1tex__t_requests_pipe_lsu_mem_global_op_ld.sum,"""l1tex__t_requests_pipe_lsu_mem_global_op_ld.sum""","""Total number of global load requests from Multiprocessor"""
global_reduction_requests,l1tex__t_requests_pipe_lsu_mem_global_op_red.sum,"""l1tex__t_requests_pipe_lsu_mem_global_op_red.sum""","""Total number of global reduction requests from Multiprocessor"""
global_store_requests,l1tex__t_requests_pipe_lsu_mem_global_op_st.sum,"""l1tex__t_requests_pipe_lsu_mem_global_op_st.sum""","""Total number of global store requests from Multiprocessor. This does not include atomic requests."""
gst_efficiency,smsp__sass_average_data_bytes_per_sector_mem_global_op_st.pct,"""smsp__sass_average_data_bytes_per_sector_mem_global_op_st.pct""","""Ratio of requested global memory store throughput to required global memory store throughput expressed as percentage."""
gst_throughput,l1tex__t_bytes_pipe_lsu_mem_global_op_st.sum.per_second,"""l1tex__t_bytes_pipe_lsu_mem_global_op_st.sum.per_second""","""Global memory store throughput"""
gst_transactions,l1tex__t_bytes_pipe_lsu_mem_global_op_st.sum,"""l1tex__t_bytes_pipe_lsu_mem_global_op_st.sum""","""Number of global memory store transactions"""
gst_transactions_per_request,l1tex__average_t_sectors_per_request_pipe_lsu_mem_global_op_st.ratio,"""l1tex__average_t_sectors_per_request_pipe_lsu_mem_global_op_st.ratio""","""Average number of global memory store transactions performed for each global memory store"""
half_precision_fu_utilization,smsp__inst_executed_pipe_fp16.avg.pct_of_peak_sustained_active,"""smsp__inst_executed_pipe_fp16.avg.pct_of_peak_sustained_active""","""The utilization level of the multiprocessor function units that execute 16 bit floating-point instructions on a scale of 0 to 10. Note that this doesn't specify the utilization level of tensor core unit"""
inst_bit_convert,smsp__sass_thread_inst_executed_op_conversion_pred_on.sum,"""smsp__sass_thread_inst_executed_op_conversion_pred_on.sum""","""Number of bit-conversion instructions executed by non-predicated threads"""
inst_compute_ld_st,smsp__sass_thread_inst_executed_op_memory_pred_on.sum,"""smsp__sass_thread_inst_executed_op_memory_pred_on.sum""","""Number of compute load/store instructions executed by non-predicated threads"""
inst_control,smsp__sass_thread_inst_executed_op_control_pred_on.sum,"""smsp__sass_thread_inst_executed_op_control_pred_on.sum""","""Number of control-flow instructions executed by non-predicated threads (jump, branch, etc.)"""
inst_executed,smsp__inst_executed.sum,"""smsp__inst_executed.sum""","""The number of instructions executed"""
inst_executed_global_atomics,smsp__sass_inst_executed_op_global_atom.sum,"""smsp__sass_inst_executed_op_global_atom.sum""","""Warp level instructions for global atom and atom cas"""
inst_executed_global_loads,smsp__inst_executed_op_global_ld.sum,"""smsp__inst_executed_op_global_ld.sum""","""Warp level instructions for global loads"""
inst_executed_global_reductions,smsp__inst_executed_op_global_red.sum,"""smsp__inst_executed_op_global_red.sum""","""Warp level instructions for global reductions"""
inst_executed_global_stores,smsp__inst_executed_op_global_st.sum,"""smsp__inst_executed_op_global_st.sum""","""Warp level instructions for global stores"""
inst_executed_local_loads,smsp__inst_executed_op_local_ld.sum,"""smsp__inst_executed_op_local_ld.sum""","""Warp level instructions for local loads"""
inst_executed_local_stores,smsp__inst_executed_op_local_st.sum,"""smsp__inst_executed_op_local_st.sum""","""Warp level instructions for local stores"""
inst_executed_shared_atomics,smsp__inst_executed_op_shared_atom.sum + smsp__inst_executed_op_shared_atom_dot_alu.sum + smsp__inst_executed_op_shared_atom_dot_cas.sum,"""smsp__inst_executed_op_shared_atom.sum,smsp__inst_executed_op_shared_atom_dot_alu.sum,smsp__inst_executed_op_shared_atom_dot_cas.sum""","""Warp level shared instructions for atom and atom CAS"""
inst_executed_shared_loads,smsp__inst_executed_op_shared_ld.sum,"""smsp__inst_executed_op_shared_ld.sum""","""Warp level instructions for shared loads"""
inst_executed_shared_stores,smsp__inst_executed_op_shared_st.sum,"""smsp__inst_executed_op_shared_st.sum""","""Warp level instructions for shared stores"""
inst_executed_surface_atomics,smsp__inst_executed_op_surface_atom.sum,"""smsp__inst_executed_op_surface_atom.sum""","""Warp level instructions for surface atom and atom cas"""
inst_executed_surface_loads,smsp__inst_executed_op_surface_ld.sum + smsp__inst_executed_op_shared_atom_dot_alu.sum + smsp__inst_executed_op_shared_atom_dot_cas.sum,"""smsp__inst_executed_op_surface_ld.sum,smsp__inst_executed_op_shared_atom_dot_alu.sum,smsp__inst_executed_op_shared_atom_dot_cas.sum""","""Warp level instructions for surface loads"""
inst_executed_surface_reductions,smsp__inst_executed_op_surface_red.sum,"""smsp__inst_executed_op_surface_red.sum""","""Warp level instructions for surface reductions"""
inst_executed_surface_stores,smsp__inst_executed_op_surface_st.sum,"""smsp__inst_executed_op_surface_st.sum""","""Warp level instructions for surface stores"""
inst_executed_tex_ops,smsp__inst_executed_op_texture.sum,"""smsp__inst_executed_op_texture.sum""","""Warp level instructions for texture"""
inst_fp_16,smsp__sass_thread_inst_executed_op_fp16_pred_on.sum,"""smsp__sass_thread_inst_executed_op_fp16_pred_on.sum""","""Number of half-precision floating-point instructions executed by non-predicated threads (arithmetic, compare, etc.)"""
inst_fp_32,smsp__sass_thread_inst_executed_op_fp32_pred_on.sum,"""smsp__sass_thread_inst_executed_op_fp32_pred_on.sum""","""Number of single-precision floating-point instructions executed by non-predicated threads (arithmetic, compare, etc.)"""
inst_fp_64,smsp__sass_thread_inst_executed_op_fp64_pred_on.sum,"""smsp__sass_thread_inst_executed_op_fp64_pred_on.sum""","""Number of double-precision floating-point instructions executed by non-predicated threads (arithmetic, compare, etc.)"""
inst_integer,smsp__sass_thread_inst_executed_op_integer_pred_on.sum,"""smsp__sass_thread_inst_executed_op_integer_pred_on.sum""","""Number of integer instructions executed by non-predicated threads"""
inst_inter_thread_communication,smsp__sass_thread_inst_executed_op_inter_thread_communication_pred_on.sum,"""smsp__sass_thread_inst_executed_op_inter_thread_communication_pred_on.sum""","""Number of inter-thread communication instructions executed by non-predicated threads"""
inst_issued,smsp__inst_issued.sum,"""smsp__inst_issued.sum""","""The number of instructions issued"""
inst_misc,smsp__sass_thread_inst_executed_op_misc_pred_on.sum,"""smsp__sass_thread_inst_executed_op_misc_pred_on.sum""","""Number of miscellaneous instructions executed by non-predicated threads"""
inst_per_warp,smsp__average_inst_executed_per_warp.ratio,"""smsp__average_inst_executed_per_warp.ratio""","""Average number of instructions executed by each warp"""
ipc,smsp__inst_executed.avg.per_cycle_active,"""smsp__inst_executed.avg.per_cycle_active""","""Instructions executed per cycle"""
issue_slot_utilization,smsp__issue_active.avg.pct_of_peak_sustained_active,"""smsp__issue_active.avg.pct_of_peak_sustained_active""","""Percentage of issue slots that issued at least one instruction, averaged across all cycles"""
issue_slots,smsp__inst_issued.sum,"""smsp__inst_issued.sum""","""The number of issue slots used"""
issued_ipc,smsp__inst_issued.avg.per_cycle_active,"""smsp__inst_issued.avg.per_cycle_active""","""Instructions issued per cycle"""
l1_sm_lg_utilization,l1tex__lsu_writeback_active.avg.pct_of_peak_sustained_active,"""l1tex__lsu_writeback_active.avg.pct_of_peak_sustained_active""",""""""
l2_atomic_throughput,lts__t_sectors_srcunit_l1_op_atom.sum.per_second,"""lts__t_sectors_srcunit_l1_op_atom.sum.per_second""","""Memory read throughput seen at L2 cache for atomic and reduction requests"""
l2_atomic_transactions,lts__t_sectors_srcunit_l1_op_atom.sum,"""lts__t_sectors_srcunit_l1_op_atom.sum""","""Memory read transactions seen at L2 cache for atomic and reduction requests"""
l2_global_atomic_store_bytes,lts__t_bytes_equiv_l1sectormiss_pipe_lsu_mem_global_op_atom.sum,"""lts__t_bytes_equiv_l1sectormiss_pipe_lsu_mem_global_op_atom.sum""","""Bytes written to L2 from L1 for global atomics (ATOM and ATOM CAS)"""
l2_global_load_bytes,lts__t_bytes_equiv_l1sectormiss_pipe_lsu_mem_global_op_ld.sum,"""lts__t_bytes_equiv_l1sectormiss_pipe_lsu_mem_global_op_ld.sum""","""Bytes read from L2 for misses in L1 for global loads"""
l2_local_global_store_bytes,lts__t_bytes_equiv_l1sectormiss_pipe_lsu_mem_local_op_st.sum + lts__t_bytes_equiv_l1sectormiss_pipe_lsu_mem_global_op_st.sum,"""lts__t_bytes_equiv_l1sectormiss_pipe_lsu_mem_local_op_st.sum,lts__t_bytes_equiv_l1sectormiss_pipe_lsu_mem_global_op_st.sum""","""Bytes written to L2 from L1 for local and global stores. This does not include global atomics."""
l2_local_load_bytes,lts__t_bytes_equiv_l1sectormiss_pipe_lsu_mem_local_op_ld.sum,"""lts__t_bytes_equiv_l1sectormiss_pipe_lsu_mem_local_op_ld.sum""","""Bytes read from L2 for misses in L1 for local loads"""
l2_read_throughput,lts__t_sectors_op_read.sum.per_second,"""lts__t_sectors_op_read.sum.per_second""","""Memory read throughput seen at L2 cache for all read requests"""
l2_read_transactions,lts__t_sectors_op_read.sum,"""lts__t_sectors_op_read.sum""","""Memory read transactions seen at L2 cache for all read requests"""
l2_surface_load_bytes,lts__t_bytes_equiv_l1sectormiss_pipe_tex_mem_surface_op_ld.sum,"""lts__t_bytes_equiv_l1sectormiss_pipe_tex_mem_surface_op_ld.sum""","""Bytes read from L2 for misses in L1 for surface loads"""
l2_surface_store_bytes,lts__t_bytes_equiv_l1sectormiss_pipe_tex_mem_surface_op_st.sum,"""lts__t_bytes_equiv_l1sectormiss_pipe_tex_mem_surface_op_st.sum""","""Bytes read from L2 for misses in L1 for surface stores"""
l2_tex_hit_rate,lts__t_sector_hit_rate.pct,"""lts__t_sector_hit_rate.pct""","""Hit rate at L2 cache for all requests from texture cache"""
l2_tex_read_hit_rate,lts__t_sector_op_read_hit_rate.pct,"""lts__t_sector_op_read_hit_rate.pct""","""Hit rate at L2 cache for all read requests from texture cache"""
l2_tex_read_throughput,lts__t_sectors_srcunit_tex_op_read.sum.per_second,"""lts__t_sectors_srcunit_tex_op_read.sum.per_second""","""Memory read throughput seen at L2 cache for read requests from the texture cache"""
l2_tex_read_transactions,lts__t_sectors_srcunit_tex_op_read.sum,"""lts__t_sectors_srcunit_tex_op_read.sum""","""Memory read transactions seen at L2 cache for read requests from the texture cache"""
l2_tex_write_hit_rate,lts__t_sector_op_write_hit_rate.pct,"""lts__t_sector_op_write_hit_rate.pct""","""Hit Rate at L2 cache for all write requests from texture cache"""
l2_tex_write_throughput,lts__t_sectors_srcunit_tex_op_read.sum.per_second,"""lts__t_sectors_srcunit_tex_op_read.sum.per_second""","""Memory write throughput seen at L2 cache for write requests from the texture cache"""
l2_tex_write_transactions,lts__t_sectors_srcunit_tex_op_read.sum,"""lts__t_sectors_srcunit_tex_op_read.sum""","""Memory write transactions seen at L2 cache for write requests from the texture cache"""
l2_utilization,lts__t_sectors.avg.pct_of_peak_sustained_elapsed,"""lts__t_sectors.avg.pct_of_peak_sustained_elapsed""","""The utilization level of the L2 cache relative to the peak utilization on a scale of 0 to 10"""
l2_write_throughput,lts__t_sectors_op_write.sum.per_second,"""lts__t_sectors_op_write.sum.per_second""","""Memory write throughput seen at L2 cache for all write requests"""
l2_write_transactions,lts__t_sectors_op_write.sum,"""lts__t_sectors_op_write.sum""","""Memory write transactions seen at L2 cache for all write requests"""
ldst_fu_utilization,smsp__inst_executed_pipe_lsu.avg.pct_of_peak_sustained_active,"""smsp__inst_executed_pipe_lsu.avg.pct_of_peak_sustained_active""","""The utilization level of the multiprocessor function units that execute shared load, shared store and constant load instructions on a scale of 0 to 10"""
local_load_requests,l1tex__t_requests_pipe_lsu_mem_local_op_ld.sum,"""l1tex__t_requests_pipe_lsu_mem_local_op_ld.sum""","""Total number of local load requests from Multiprocessor"""
local_load_throughput,l1tex__t_bytes_pipe_lsu_mem_local_op_ld.sum.per_second,"""l1tex__t_bytes_pipe_lsu_mem_local_op_ld.sum.per_second""","""Local memory load throughput"""
local_load_transactions,l1tex__t_sectors_pipe_lsu_mem_local_op_ld.sum,"""l1tex__t_sectors_pipe_lsu_mem_local_op_ld.sum""","""Number of local memory load transactions"""
local_load_transactions_per_request,l1tex__average_t_sectors_per_request_pipe_lsu_mem_local_op_ld.ratio,"""l1tex__average_t_sectors_per_request_pipe_lsu_mem_local_op_ld.ratio""","""Average number of local memory load transactions performed for each local memory load"""
local_store_requests,l1tex__t_requests_pipe_lsu_mem_local_op_st.sum,"""l1tex__t_requests_pipe_lsu_mem_local_op_st.sum""","""Total number of local store requests from Multiprocessor"""
local_store_throughput,l1tex__t_sectors_pipe_lsu_mem_local_op_st.sum.per_second,"""l1tex__t_sectors_pipe_lsu_mem_local_op_st.sum.per_second""","""Local memory store throughput"""
local_store_transactions,l1tex__t_sectors_pipe_lsu_mem_local_op_st.sum,"""l1tex__t_sectors_pipe_lsu_mem_local_op_st.sum""","""Number of local memory store transactions"""
local_store_transactions_per_request,l1tex__average_t_sectors_per_request_pipe_lsu_mem_local_op_st.ratio,"""l1tex__average_t_sectors_per_request_pipe_lsu_mem_local_op_st.ratio""","""Average number of local memory store transactions performed for each local memory store"""
pcie_total_data_received,pcie__read_bytes.sum,"""pcie__read_bytes.sum""","""Total data bytes received through PCIe"""
pcie_total_data_transmitted,pcie__write_bytes.sum,"""pcie__write_bytes.sum""","""Total data bytes transmitted through PCIe"""
shared_efficiency,smsp__sass_average_data_bytes_per_wavefront_mem_shared.pct,"""smsp__sass_average_data_bytes_per_wavefront_mem_shared.pct""","""Ratio of requested shared memory throughput to required shared memory throughput expressed as percentage"""
shared_load_throughput,l1tex__data_pipe_lsu_wavefronts_mem_shared_op_ld.sum.per_second,"""l1tex__data_pipe_lsu_wavefronts_mem_shared_op_ld.sum.per_second""","""Shared memory load throughput"""
shared_load_transactions,l1tex__data_pipe_lsu_wavefronts_mem_shared_op_ld.sum,"""l1tex__data_pipe_lsu_wavefronts_mem_shared_op_ld.sum""","""Number of shared memory load transactions"""
shared_store_throughput,l1tex__data_pipe_lsu_wavefronts_mem_shared_op_st.sum.per_second,"""l1tex__data_pipe_lsu_wavefronts_mem_shared_op_st.sum.per_second""","""Shared memory store throughput"""
shared_store_transactions,l1tex__data_pipe_lsu_wavefronts_mem_shared_op_st.sum,"""l1tex__data_pipe_lsu_wavefronts_mem_shared_op_st.sum""","""Number of shared memory store transactions"""
shared_utilization,l1tex__data_pipe_lsu_wavefronts_mem_shared.avg.pct_of_peak_sustained_elapsed,"""l1tex__data_pipe_lsu_wavefronts_mem_shared.avg.pct_of_peak_sustained_elapsed""","""The utilization level of the shared memory relative to peak utilization on a scale of 0 to 10"""
single_precision_fu_utilization,smsp__pipe_fma_cycles_active.avg.pct_of_peak_sustained_active,"""smsp__pipe_fma_cycles_active.avg.pct_of_peak_sustained_active""","""The utilization level of the multiprocessor function units that execute single-precision floating-point instructions on a scale of 0 to 10"""
sm_efficiency,smsp__cycles_active.avg.pct_of_peak_sustained_elapsed,"""smsp__cycles_active.avg.pct_of_peak_sustained_elapsed""","""The percentage of time at least one warp is active on a specific multiprocessor"""
sm_tex_utilization,l1tex__texin_sm2tex_req_cycles_active.avg.pct_of_peak_sustained_elapsed,"""l1tex__texin_sm2tex_req_cycles_active.avg.pct_of_peak_sustained_elapsed""",""""""
special_fu_utilization,smsp__inst_executed_pipe_xu.avg.pct_of_peak_sustained_active,"""smsp__inst_executed_pipe_xu.avg.pct_of_peak_sustained_active""","""The utilization level of the multiprocessor function units that execute sin, cos, ex2, popc, flo, and similar instructions on a scale of 0 to 10"""
stall_constant_memory_dependency,smsp__warp_issue_stalled_imc_miss_per_warp_active.pct,"""smsp__warp_issue_stalled_imc_miss_per_warp_active.pct""","""Percentage of stalls occurring because of immediate constant cache miss"""
stall_exec_dependency,smsp__warp_issue_stalled_short_scoreboard_per_warp_active.pct + smsp__warp_issue_stalled_wait_per_warp_active.pct,"""smsp__warp_issue_stalled_short_scoreboard_per_warp_active.pct,smsp__warp_issue_stalled_wait_per_warp_active.pct""","""Percentage of stalls occurring because an input required by the instruction is not yet available"""
stall_inst_fetch,smsp__warp_issue_stalled_no_instruction_per_warp_active.pct,"""smsp__warp_issue_stalled_no_instruction_per_warp_active.pct""","""Percentage of stalls occurring because the next assembly instruction has not yet been fetched"""
stall_memory_dependency,smsp__warp_issue_stalled_long_scoreboard_per_warp_active.pct,"""smsp__warp_issue_stalled_long_scoreboard_per_warp_active.pct""","""Percentage of stalls occurring because a memory operation cannot be performed due to the required resources not being available or fully utilized, or because too many requests of a given type are outstanding"""
stall_memory_throttle,smsp__warp_issue_stalled_drain_per_warp_active.pct + smsp__warp_issue_stalled_lg_throttle_per_warp_active.pct,"""smsp__warp_issue_stalled_drain_per_warp_active.pct,smsp__warp_issue_stalled_lg_throttle_per_warp_active.pct""","""Percentage of stalls occurring because of memory throttle"""
stall_not_selected,smsp__warp_issue_stalled_not_selected_per_warp_active.pct,"""smsp__warp_issue_stalled_not_selected_per_warp_active.pct""","""Percentage of stalls occurring because warp was not selected"""
stall_other,smsp__warp_issue_stalled_misc_per_warp_active.pct + smsp__warp_issue_stalled_dispatch_stall_per_warp_active.pct,"""smsp__warp_issue_stalled_misc_per_warp_active.pct,smsp__warp_issue_stalled_dispatch_stall_per_warp_active.pct""","""Percentage of stalls occurring due to miscellaneous reasons"""
stall_pipe_busy,smsp__warp_issue_stalled_mio_throttle_per_warp_active.pct + smsp__warp_issue_stalled_math_pipe_throttle_per_warp_active.pct,"""smsp__warp_issue_stalled_mio_throttle_per_warp_active.pct,smsp__warp_issue_stalled_math_pipe_throttle_per_warp_active.pct""","""Percentage of stalls occurring because a compute operation cannot be performed because the compute pipeline is busy"""
stall_sleeping,smsp__warp_issue_stalled_sleeping_per_warp_active.pct,"""smsp__warp_issue_stalled_sleeping_per_warp_active.pct""","""Percentage of stalls occurring because warp was sleeping"""
stall_sync,smsp__warp_issue_stalled_membar_per_warp_active.pct + smsp__warp_issue_stalled_barrier_per_warp_active.pct,"""smsp__warp_issue_stalled_membar_per_warp_active.pct,smsp__warp_issue_stalled_barrier_per_warp_active.pct""","""Percentage of stalls occurring because the warp is blocked at a __syncthreads() call"""
stall_texture,smsp__warp_issue_stalled_tex_throttle_per_warp_active.pct,"""smsp__warp_issue_stalled_tex_throttle_per_warp_active.pct""","""Percentage of stalls occurring because the texture sub-system is fully utilized or has too many outstanding requests"""
surface_atomic_requests,l1tex__t_requests_pipe_tex_mem_surface_op_atom.sum,"""l1tex__t_requests_pipe_tex_mem_surface_op_atom.sum""","""Total number of surface atomic(Atom and Atom CAS) requests from Multiprocessor"""
surface_load_requests,l1tex__t_requests_pipe_tex_mem_surface_op_ld.sum,"""l1tex__t_requests_pipe_tex_mem_surface_op_ld.sum""","""Total number of surface load requests from Multiprocessor"""
surface_reduction_requests,l1tex__t_requests_pipe_tex_mem_surface_op_red.sum,"""l1tex__t_requests_pipe_tex_mem_surface_op_red.sum""","""Total number of surface reduction requests from Multiprocessor"""
surface_store_requests,l1tex__t_requests_pipe_tex_mem_surface_op_st.sum,"""l1tex__t_requests_pipe_tex_mem_surface_op_st.sum""","""Total number of surface store requests from Multiprocessor"""
sysmem_read_bytes,lts__t_sectors_aperture_sysmem_op_read* 32,"""lts__t_sectors_aperture_sysmem_op_read*""","""Number of bytes read from system memory"""
sysmem_read_throughput,lts__t_sectors_aperture_sysmem_op_read.sum.per_second,"""lts__t_sectors_aperture_sysmem_op_read.sum.per_second""","""System memory read throughput"""
sysmem_read_transactions,lts__t_sectors_aperture_sysmem_op_read.sum,"""lts__t_sectors_aperture_sysmem_op_read.sum""","""Number of system memory read transactions"""
sysmem_write_bytes,lts__t_sectors_aperture_sysmem_op_write * 32,"""lts__t_sectors_aperture_sysmem_op_write""","""Number of bytes written to system memory"""
sysmem_write_throughput,lts__t_sectors_aperture_sysmem_op_write.sum.per_second,"""lts__t_sectors_aperture_sysmem_op_write.sum.per_second""","""System memory write throughput"""
sysmem_write_transactions,lts__t_sectors_aperture_sysmem_op_write.sum,"""lts__t_sectors_aperture_sysmem_op_write.sum""","""Number of system memory write transactions"""
tensor_precision_fu_utilization,sm__pipe_tensor_cycles_active.avg.pct_of_peak_sustained_active,"""sm__pipe_tensor_cycles_active.avg.pct_of_peak_sustained_active""","""The utilization level of the multiprocessor function units that execute tensor core instructions on a scale of 0 to 10"""
tex_cache_hit_rate,l1tex__t_sector_hit_rate.pct,"""l1tex__t_sector_hit_rate.pct""","""Unified cache hit rate"""
tex_cache_transactions,l1tex__lsu_writeback_active.avg.pct_of_peak_sustained_active + l1tex__tex_writeback_active.avg.pct_of_peak_sustained_active,"""l1tex__lsu_writeback_active.avg.pct_of_peak_sustained_active,l1tex__tex_writeback_active.avg.pct_of_peak_sustained_active""","""Unified cache to Multiprocessor read transactions"""
tex_fu_utilization,smsp__inst_executed_pipe_tex.avg.pct_of_peak_sustained_active,"""smsp__inst_executed_pipe_tex.avg.pct_of_peak_sustained_active""","""The utilization level of the multiprocessor function units that execute global, local and texture memory instructions on a scale of 0 to 10"""
tex_sm_tex_utilization,l1tex__f_tex2sm_cycles_active.avg.pct_of_peak_sustained_elapsed,"""l1tex__f_tex2sm_cycles_active.avg.pct_of_peak_sustained_elapsed""",""""""
tex_sm_utilization,sm__mio2rf_writeback_active.avg.pct_of_peak_sustained_elapsed,"""sm__mio2rf_writeback_active.avg.pct_of_peak_sustained_elapsed""",""""""
texture_load_requests,l1tex__t_requests_pipe_tex_mem_texture.sum,"""l1tex__t_requests_pipe_tex_mem_texture.sum""","""Total number of texture Load requests from Multiprocessor"""
warp_execution_efficiency,smsp__thread_inst_executed_per_inst_executed.ratio,"""smsp__thread_inst_executed_per_inst_executed.ratio""","""Ratio of the average active threads per warp to the maximum number of threads per warp supported on a multiprocessor"""
warp_nonpred_execution_efficiency,smsp__thread_inst_executed_per_inst_executed.pct,"""smsp__thread_inst_executed_per_inst_executed.pct""","""Ratio of the average active threads per warp executing non-predicated instructions to the maximum number of threads per warp supported on a multiprocessor"""
